[
   {
      "command" : "require",
      "group" : "0",
      "name" : "product",
      "value" : "arom|arom-tiny"
   },
   {
      "command" : "require",
      "group" : "0",
      "name" : "version",
      "value" : "0.5"
   },
   {
      "command" : "require",
      "group" : "0",
      "name" : "version-bootrom",
      "value" : "2019.01.15"
   },
   {
      "command" : "progress",
      "group" : "0",
      "name" : "weight",
      "value" : 20758528
   },
   {
      "command" : "call",
      "group" : "0",
      "image" : "preboot.img"
   },
   {
      "command" : "call",
      "group" : "0",
      "image" : "flasher.img"
   },
   {
      "command" : "partition",
      "group" : "0",
      "image" : "flashinfo.bin"
   },
   {
      "command" : "partition",
      "group" : "0",
      "image" : "partition.bin"
   },
   {
      "command" : "flash",
      "group" : "1",
      "image" : "bootloader.ubi",
      "partition" : "bootloader",
      "weight" : 262144
   },
   {
      "command" : "flash",
      "group" : "2",
      "image" : "partition.bin",
      "partition" : "ptable",
      "weight" : 8192
   },
   {
      "command" : "flash",
      "group" : "2",
      "image" : "fwcerts.bin",
      "partition" : "fwcerts",
      "weight" : 16384
   },
   {
      "command" : "flash",
      "group" : "2",
      "image" : "ReliableData.bin",
      "partition" : "rd",
      "weight" : 131072
   },
   {
      "command" : "flash",
      "group" : "2",
      "image" : "apn.bin",
      "partition" : "apn",
      "weight" : 61440
   },
   {
      "command" : "flash",
      "group" : "2",
      "image" : "cp.bin",
      "partition" : "cp",
      "weight" : 7020544
   },
   {
      "command" : "flash",
      "group" : "2",
      "image" : "dsp.bin",
      "partition" : "dsp",
      "weight" : 2211840
   },
   {
      "command" : "flash",
      "group" : "2",
      "image" : "rf.bin",
      "partition" : "rfbin",
      "weight" : 40960
   },
   {
      "command" : "flash",
      "group" : "2",
      "image" : "logo.bin",
      "partition" : "logo",
      "weight" : 73728
   },
   {
      "command" : "flash",
      "group" : "2",
      "image" : "updater.bin",
      "partition" : "updater",
      "weight" : 245760
   },
   {
      "command" : "flash",
      "group" : "3",
      "image" : "app.bin",
      "partition" : "user_app",
      "weight" : 1052672
   },
   {
      "command" : "erase",
      "group" : "4",
      "partition" : "user_fs",
      "weight" : 2097152
   },
   {
      "command" : "erase",
      "group" : "5",
      "partition" : "fota_param",
      "weight" : 65536
   },
   {
      "command" : "erase",
      "group" : "5",
      "partition" : "fota_pkg",
      "weight" : 6291456
   },
   {
      "command" : "flash",
      "group" : "6",
      "image" : "nvm.bin",
      "partition" : "nvm",
      "weight" : 1048576
   },
   {
      "command" : "erase",
      "group" : "7",
      "partition" : "factory",
      "productionOnly" : true,
      "weight" : 131072
   }
]
